{
    "model_info": {
        "model_type": "RandomForestRegressor",
        "train_samples": 1453,
        "test_samples": 364,
        "features": 8
    },
    "train_metrics": {
        "mse": 0.3123236386971645,
        "rmse": 0.5588592297682525,
        "mae": 0.42727922831471826,
        "r2": 0.7210616716185831,
        "explained_variance": 0.7210679404436393,
        "mean_target": 2.1687563238545,
        "std_target": 1.0581526670124897
    },
    "test_metrics": {
        "mse": 0.7704646589906351,
        "rmse": 0.8777611628402313,
        "mae": 0.6743735077705826,
        "r2": 0.23020999082187765,
        "explained_variance": 0.2387307706303622,
        "mean_target": 2.133396184598112,
        "std_target": 1.000438107829508
    },
    "performance_summary": {
        "overfit_check": {
            "r2_difference": 0.4908516807967055,
            "rmse_ratio": 1.570630162454722,
            "is_overfitting": true
        },
        "model_quality": {
            "excellent": false,
            "good": false,
            "fair": false,
            "poor": true
        }
    }
}